X,T,Y
0.4967141530112327,1,0.842109614486301
-0.13826430117118466,0,-0.5143425039664762
0.6476885381006925,1,1.3072757933102828
1.5230298564080254,1,2.6932550794195977
-0.23415337472333597,0,-1.1717396095462083
-0.23413695694918055,1,0.32337608262452805
1.5792128155073915,1,1.9991464177240712
0.7674347291529088,1,1.6031047673781416
-0.4694743859349521,1,0.13712392818389246
0.5425600435859647,0,0.16657537771655512
-0.46341769281246226,1,-0.12294466064577136
-0.46572975357025687,1,-0.3637426819720013
0.24196227156603412,1,1.2799658408653332
-1.913280244657798,0,-1.9026244203218268
-1.7249178325130328,0,-0.774322489636529
-0.5622875292409727,1,-0.09261793614828306
-1.0128311203344238,0,-1.3670345037896552
0.3142473325952739,0,-0.4426098637111397
-0.9080240755212111,0,-1.8095939136491836
-1.4123037013352917,0,-2.2043716728380365
1.465648768921554,1,2.099212094427296
-0.22577630048653566,1,0.5285862111284313
0.06752820468792384,1,-0.22306714632814284
-1.4247481862134568,0,-0.9772290291753991
-0.5443827245251827,0,-0.7859132503669024
0.11092258970986608,1,0.6843190957026408
-1.1509935774223028,1,0.15511673670540937
0.37569801834567196,1,1.324117676278438
-0.600638689918805,1,-0.2349040138717211
-0.2916937497932768,0,-0.7372898625009205
-0.6017066122293969,0,-1.6776143128940495
1.8522781845089378,1,1.9927015248877278
-0.013497224737933914,1,0.3809376558482189
-1.0577109289559,0,-1.5513006925314918
0.822544912103189,1,1.2569164285570367
-1.2208436499710222,0,-1.182417708491638
0.2088635950047554,1,0.5964356041007162
-1.9596701238797756,1,-1.7846714142915054
-1.3281860488984305,1,-0.7438587129150667
0.19686123586912352,0,0.41783156065382804
0.7384665799954104,1,0.6932670412739874
0.1713682811899705,0,0.8768344710631055
-0.11564828238824053,0,-0.1649423485303714
-0.3011036955892888,0,-0.29167888411686493
-1.4785219903674274,0,-1.1244147787391487
-0.7198442083947086,0,-0.6032361427629578
-0.4606387709597875,1,0.515929545996835
1.0571222262189157,1,1.7006843088198278
0.3436182895684614,0,0.03739960224824246
-1.763040155362734,0,-1.5822883927596831
0.324083969394795,1,0.2522208657344641
-0.38508228041631654,0,-0.33080242752805494
-0.6769220003059587,1,-0.19353699562818916
0.6116762888408679,1,1.007617860204598
1.030999522495951,0,0.9667307667764856
0.9312801191161986,1,0.490355596367379
-0.8392175232226385,0,-1.1135799770931194
-0.3092123758512146,1,0.23721007471934275
0.33126343140356396,1,0.9111916274022641
0.9755451271223592,0,0.4617075566593801
-0.47917423784528995,1,0.6536796825870603
-0.18565897666381712,0,-0.6187464007710675
-1.1063349740060282,0,-0.6216063737426598
-1.1962066240806708,0,-0.9826094431448283
0.812525822394198,0,0.48941216747229654
1.356240028570823,1,2.7438954748755786
-0.07201012158033385,1,-0.16882853745857385
1.0035328978920242,1,1.963109984697025
0.36163602504763415,0,0.8619271840691233
-0.6451197546051243,0,-0.9804298591434467
0.36139560550841393,0,1.0576282555405783
1.5380365664659692,0,1.4130133091664927
-0.03582603910995153,0,0.10852077552997699
1.564643655814006,1,2.1948045751996164
-2.6197451040897444,1,-2.1868994748250183
0.8219025043752238,1,1.7273066409551148
0.08704706823817134,0,0.4837914285142778
-0.29900735046586785,0,-1.1732733370849582
0.0917607765355023,1,1.2439308979745785
-1.9875689146008928,0,-2.81881490861873
-0.21967188783751193,0,0.29660121433331676
0.3571125715117464,1,1.4204651399255381
1.477894044741516,1,1.432410829633917
-0.5182702182736474,0,-0.7236773622509398
-0.8084936028931876,0,-1.3613459371361554
-0.5017570435845365,0,-0.6092175587289042
0.9154021177020741,0,0.7613849756092035
0.32875110965968446,1,1.2185813757943544
-0.5297602037670388,1,0.6253941692927656
0.5132674331133561,1,1.7111093385083342
0.09707754934804039,0,-0.18400646394111067
0.9686449905328892,1,1.3640340536606255
-0.7020530938773524,1,-1.0437721899878274
-0.3276621465977682,0,-0.7305971798458626
-0.39210815313215763,0,0.09031766341657116
-1.4635149481321186,0,-0.6557235363580027
0.29612027706457605,1,0.17894584112461503
0.26105527217988933,1,0.4648231426034422
0.0051134566424609,1,0.4919105781629974
-0.23458713337514742,1,0.40549344603465576
-1.4153707420504142,0,-1.8201725020112374
-0.42064532276535904,0,-0.2086148005333142
-0.3427145165267695,1,-0.0796341900622275
-0.8022772692216189,1,-0.30950340466075843
-0.16128571166600914,0,0.11185641233584065
0.4040508568145384,1,0.9072619917200073
1.8861859012105302,1,2.1679929559472457
0.17457781283183896,0,0.11977291086892354
0.257550390722764,0,0.2133689111200963
-0.0744459157661671,0,-0.2594514307072311
-1.9187712152990415,0,-2.0481692466325927
-0.026513875449216878,1,1.2728097098031417
0.06023020994102644,0,0.3406899339116458
2.463242112485286,1,2.8155019534707058
-0.19236096478112252,0,0.1561162374742453
0.30154734233361247,1,0.6346375974556075
-0.03471176970524331,0,0.5518505490880774
-1.168678037619532,0,-0.9838569415204851
1.1428228145150205,1,1.5891717425129062
0.7519330326867741,0,0.9757914955919128
0.7910319470430469,1,0.5055938710087973
-0.9093874547947389,0,-1.4727711892496416
1.4027943109360992,1,1.3058318077365714
-1.4018510627922809,1,-0.8303795154104274
0.5868570938002703,1,1.9531145935428162
2.1904556258099785,1,3.8061056989062947
-0.9905363251306883,0,-0.6715107744103097
-0.5662977296027719,0,-0.31587549213054344
0.09965136508764122,0,-0.8008775019887282
-0.5034756541161992,1,-0.27481255398321003
-1.5506634310661327,0,-1.9445553070202521
0.06856297480602733,0,-0.24186082431953068
-1.0623037137261049,0,-1.1463756230184996
0.4735924306351816,0,0.23754714178661798
-0.9194242342338034,0,-1.9090741394216972
1.5499344050175399,1,2.4238895330763066
-0.7832532923362371,0,-1.3196248052061403
-0.3220615162056756,1,0.2975619158498992
0.8135172173696698,1,2.3505585522446566
-1.2308643164339552,0,-1.690556612227167
0.22745993460412942,1,-0.5376838267690354
1.307142754282428,1,1.6641406433423727
-1.6074832345612275,0,-1.057003417061942
0.1846338585323042,0,1.1638075856426011
0.2598827942484235,0,-0.35489200297778495
0.78182287177731,1,1.530172483395571
-1.236950710878082,0,-1.4696059392681087
-1.3204566130842763,0,-1.373430790236344
0.5219415656168976,0,1.8441132391254151
0.29698467323318606,1,0.04549950903560945
0.25049285034587665,0,0.3773626810931634
0.34644820949697586,0,0.5802947953796924
-0.6800247215784908,1,0.36286844089118275
0.23225369716100355,0,0.28124527389645126
0.29307247329868125,1,0.9470977430507324
-0.7143514180263678,0,-0.9101757017372633
1.8657745111447566,0,2.00033798176731
0.4738329209117875,1,0.8022367831630823
-1.1913034972026486,0,-0.8805175522746231
0.6565536086338297,0,0.4717484406120127
-0.9746816702273214,0,-0.7861314732762282
0.787084603742452,1,1.2724531968999628
1.158595579007404,1,2.221620704393488
-0.8206823183517105,0,-0.8463791801459536
0.9633761292443218,1,0.5768598951408811
0.4127809269364983,0,1.0437416772934942
0.82206015999449,1,0.8691940095631805
1.8967929826539474,1,2.0699098133295375
-0.2453881160028705,1,-0.04321876302461658
-0.7537361643574896,0,-0.06651711777208091
-0.8895144296255233,1,-1.4573515366148713
-0.8158102849654383,0,0.753063981864559
-0.07710170941410412,1,0.9509266951189218
0.3411519748166435,0,0.4527714318812233
0.27669079933001905,1,0.7492437990218759
0.8271832490360238,0,0.9699602864648522
0.01300189187790702,0,0.2735631060675763
1.4535340771573169,1,2.2761418701323457
-0.2646568332379561,0,0.013145399763768162
2.720169166589619,1,3.264959507217243
0.6256673477650062,0,0.5269981376113432
-0.8571575564162826,1,-0.43279419824303844
-1.0708924980611123,1,-0.6683466382374528
0.4824724152431853,1,1.5493574636767176
-0.22346278532585084,1,0.57331557581458
0.7140004940920919,1,-0.25619382324004825
0.47323762457354485,1,1.3011880128384252
-0.07282891265687277,0,0.02453918470251465
-0.846793718068405,0,-0.8561480962913537
-1.5148472246858646,0,-1.7091064512303076
-0.4465149520670211,0,0.11554140792598566
0.8563987943234723,1,1.8301620253849014
0.21409374413020396,1,0.32765491021839943
-1.245738778711988,0,-1.0422126351497205
0.173180925851182,1,0.18735255858053906
0.3853173797288368,1,0.19550829733437164
-0.883857436201133,0,-1.1972160484961156
0.1537251059455279,1,1.0849218421369073
0.058208718445999896,0,0.5347712411340433
-1.142970297830623,0,-0.8864275877819766
0.3577873603482833,0,0.7203352537722818
0.5607845263682344,1,1.3188736699257135
1.083051243175277,1,1.2623104455638008
1.053802052034903,0,1.2697633243718733
-1.377669367957091,0,-0.9774646053432499
-0.9378250399151228,0,-0.5606793750083355
0.5150352672086598,1,1.6094919529459812
0.5137859509122088,1,1.3679378745127406
0.5150476863060478,1,1.1907717900768393
3.8527314906547208,1,4.887806609812935
0.570890510693167,1,1.057629881068637
1.135565640180599,1,1.1946283145667398
0.9540017634932023,1,1.3724682815213205
0.651391251305798,0,0.27893992890257346
-0.31526924464034556,1,-0.15285838212753633
0.7589692204932672,0,0.6867098851355082
-0.7728252145375718,1,-0.6690351750375525
-0.23681860674000887,0,-0.39079937155952904
-0.48536354782910346,0,-1.4321708813059963
0.08187413938632256,1,0.6885209930727918
2.3146585666735087,1,2.8152613043546206
-1.8672651925917483,1,-1.7758095081258434
0.6862601903745136,1,1.5158830245907162
-1.6127158711896519,1,-0.6439308023763726
-0.4719318657894335,0,-1.2757117979739205
1.0889505969673663,0,0.7075882076842592
0.06428001909546277,1,0.1797088442018137
-1.0777447779293061,0,-1.5476963284837384
-0.7153037092599682,0,-0.300566288294094
0.6795977489346758,1,1.082684679548274
-0.7303666317171367,0,-0.862624052372442
0.21645858958197486,1,-0.2854725926214019
0.04557183990381377,0,0.36328085500842694
-0.6516003476058169,0,-1.2712295450325533
2.1439440893253257,1,2.67391040445849
0.6339190223180112,1,1.2726074912971073
-2.025142586657607,0,-1.3448132887382815
0.18645431476942764,1,0.032044115209871604
-0.661786464768388,0,-2.1715425426788006
0.852433334796224,1,1.4443581071730713
-0.7925207384327007,0,0.10773485232272617
-0.11473644146689901,1,1.0047367350028198
0.5049872789804571,1,1.10981698661777
0.8657551941701215,1,1.1199371013540977
-1.2002964070557762,0,-0.7967351087371211
-0.3345012358409484,0,-0.8212743356931826
-0.4749453111609562,0,-0.23676642648284663
-0.6533292325737119,0,-0.4005941529903985
1.7654542402810969,0,2.295559194030537
0.40498171096095553,1,2.2848117304164943
-1.2608839543350452,1,-0.5646759707456617
0.9178619470547761,1,1.1633801342010268
2.1221561970126332,1,2.609369040916636
1.0324652605511468,1,0.6479273081065877
-1.5193699659540134,1,-1.3667265314985424
-0.48423407286625136,0,-0.6888752919228034
1.2669111491866227,0,1.0048669502193266
-0.7076694656187807,1,-0.13149202960191975
0.44381942814622843,1,0.5326094619551281
0.7746340534293368,1,1.8351493870915725
-0.926930471578083,0,-0.9268269391189843
-0.05952535606180008,0,-0.06417551663111326
-3.2412673400690726,0,-3.4052146983255316
-1.0243876413342898,1,-0.44679229940480025
-0.2525681513931603,0,0.159980980940657
-1.2477831819648495,0,-1.6813482898202996
1.6324113039316352,1,1.803353059394007
-1.4301413779606327,0,-1.582004392348965
-0.44004448669698376,1,-0.6129799484335912
0.13074057728609134,1,0.22111164742534245
1.4412732890661155,1,1.703162852293786
-1.4358621511794394,0,-0.9986675608230757
1.1631637521549596,1,1.7944444166559221
0.010233061019587049,1,0.6070280167033594
-0.9815086510479509,0,-0.5560596699639648
0.46210347426327075,1,0.8934175800635724
0.19905969557347003,0,0.39429212053791485
-0.6002168771587947,1,-0.15182775362504275
0.06980208499001886,1,0.702483259689833
-0.3853135968617599,0,-0.6766929256675509
0.11351734525124799,1,-0.6058912338869666
0.6621306745210463,1,1.0949910934278941
1.586016816145352,1,2.7973908841953223
-1.237815498826849,0,-0.774707797706053
2.1330333746562666,1,3.115732116951852
-1.9520877995225019,0,-1.3340224386193928
-0.15178509503558324,1,0.3925437004451356
0.5883172064845762,1,1.186975060187374
0.2809918677350327,0,-0.02783407998214238
-0.6226995198205939,0,-0.7807359478341188
-0.20812225035727533,1,0.5997633245282954
-0.4930009346588331,0,0.108941283925575
-0.5893647569442118,0,-0.6590878947847115
0.849602097021025,0,0.6245074645953191
0.35701548596504734,0,0.357279465393346
-0.6929095952606542,1,0.10769377920390333
0.8995998754332507,1,0.6776724673664798
0.30729952087660933,1,-0.3407909556920097
0.8128621188389601,0,0.5375936940931683
0.6296288419236122,1,0.5192726289665329
-0.8289950109220725,0,-1.083065109745728
-0.5601810401969697,0,-0.6340711996057055
0.7472936051232618,1,1.0206694006117552
0.6103702654334648,0,1.3366040326688375
-0.020901593964148132,0,0.14247078833701188
0.117327383308782,1,0.7675645631141962
1.277664895788425,1,2.0887684678101257
-0.5915713888358299,0,-1.1609879477262144
0.5470973811700377,1,1.566653274880172
-0.20219265243389398,0,-0.24007479570162393
-0.21768120322722037,0,0.1175591053933859
1.0987768519871903,0,0.5628482354671126
0.8254163489880298,1,0.5485369659799977
0.8135096360006385,1,1.7224544650131528
1.305478807154329,0,1.4936835702030873
0.02100384163275905,0,-0.43002193554599616
0.6819529712949639,1,0.7471214306576167
-0.31026675659345604,0,0.25245063561392866
0.3241663524884421,1,0.2294604060547782
-0.13014305436768459,1,1.1911934222602971
0.09699596499271819,0,-0.3533144023312162
0.5951570254369136,0,0.9143529882411051
-0.8182206832334725,0,-0.9825299211079648
2.0923872756854602,1,2.893980991226632
-1.006017381499702,0,-1.2780743825567984
-1.2141886127877322,0,-1.2955850658238792
1.1581108735000678,1,1.6785704611979284
0.7916626939629359,0,0.2905689660721995
0.6241198170521551,1,1.494531989762218
0.6283455092642799,0,0.37173872602848734
-0.012246772846914623,0,-0.12654673051692392
-0.8972543714858315,0,-1.3944290587900876
0.07580455819372633,1,-0.7053622712039289
-0.6771617115121117,0,-0.7726755928121962
0.9751197334177512,0,2.181427444224209
-0.14705738150213865,0,0.24524476244687327
-0.8254971967925115,0,-0.8351273866597089
-0.32138584165299344,1,0.04716874374287272
0.4129314542756245,0,0.4241644006816477
-0.5637245528039749,0,-0.29016499521636996
-0.8222203955664315,0,-1.4126268032208538
0.2436872114919123,1,1.3008480588263485
0.24496657110872277,0,0.6026572288293448
-0.5069431753711298,1,0.3521496874828375
-0.4710383056183228,0,-0.25180043621345916
0.2320499373576363,0,0.24185826620463124
-1.4480843414973241,0,-1.1116537235139143
-1.4074637743765552,0,-1.1115567075058663
-0.718444221252436,0,-0.8954645767229479
-0.21344715171184725,1,-0.0002480381602977255
0.3109075655980046,1,0.861835713228998
1.475356216949552,0,2.2498662926971456
0.8576596232020194,0,0.23810608537506894
-0.1599385299634271,1,-0.3937011628396472
-0.01901620790268883,0,0.06336421271556954
-1.0025293646378088,0,-0.9770855137097998
-0.018513135992389903,0,0.0681576961928142
-0.2886586389201379,0,-0.16668203996588776
0.3227185603380895,1,0.7111174330206869
-0.827230943552323,1,0.4177007757487181
0.5193465142411723,1,0.2188945250029145
1.5327389130025777,1,1.6184904006124547
-0.1087601484568576,0,-0.16038752853138127
0.40171172209894146,1,0.08011731652185794
0.6901439917111125,1,1.102216789495077
-0.40122047188583626,0,0.42951461097817273
0.22409248181041677,0,0.23453572595839767
0.01259240078179486,1,0.6279428536411367
0.09767609854883172,0,-0.5324062840374584
-0.7730097838554665,1,-0.5811904878752052
0.024510174258942696,1,0.3369119840969742
0.4979982912454495,0,0.3391407428673324
1.4511436077950417,1,2.591965505296926
0.9592708260852069,0,1.238116356447769
2.1531824575115563,1,2.0974534790430406
-0.7673475628880495,1,-0.14409517367204705
0.8723206367206782,0,1.1214315109690707
0.18334200573835174,0,0.753416524998985
2.1898029332176723,1,3.480073276501859
-0.8082982853551515,0,-1.3158453812690858
-0.8397218421807761,0,-1.2451505977859452
-0.5993926454440222,0,-1.2281815749013303
-2.123895724309807,0,-2.2409056538632974
-0.525755021680761,1,0.20742416554240606
-0.759132661553698,0,-0.265465403259147
0.15039378647620763,0,0.11241827465494625
0.34175597577715944,0,0.18183221414973746
1.8761708392158862,1,2.4520498353402562
0.9504238381860503,1,1.0328523873710387
-0.5769036556624031,1,0.9678657051849836
-0.898414671348358,1,-1.2022451849073872
0.4919191715065057,1,1.084289460954368
-1.3202332070206422,0,-0.3084300974058225
1.8314587658543537,1,2.3348586881343527
1.179440120721287,1,1.5844206032205397
-0.4691756521047048,0,-0.6478983635099184
-1.713134529090878,0,-1.8033303699720817
1.3538723741654133,1,2.5402966115036785
-0.11453984525261789,0,-1.2204708009173713
1.2378163119734618,1,2.5045331626216245
-1.594427658794367,0,-2.3064062350194394
-0.5993750229537729,0,-0.7327011875709802
0.005243699718183166,0,-0.20937851043114775
0.046980593764742055,0,0.34125722865010194
-0.45006547147924364,1,-0.7491276474211175
0.6228499323474987,1,1.3539362653884701
-1.0676204293825944,0,-0.05546561773916814
-0.1423794850212935,0,-0.8239664873176987
0.12029563171189886,1,0.7151487155170967
0.514438834058749,1,0.6834477451604445
0.7116148780888896,1,1.4245584811854075
-1.124642091837869,0,-1.115068203129993
-1.5341141707356223,0,-1.854857625257777
1.277676821898509,1,2.021612964334046
0.33231401197959165,1,1.7344880668729632
-0.7484865365565536,0,-0.8439384324202029
1.551151975522523,1,2.4110309465966138
0.11567463429285867,1,-0.030961844642723224
1.1792971840638264,1,1.201078995654822
0.06751848141010895,0,0.30372162035029765
2.060747924881987,1,3.3028059391499696
1.7553408424432044,1,2.4331475168360344
-0.2489641484790735,1,0.0945068362593493
0.9715709509543554,1,1.4712166536660325
0.6453759495851475,1,0.5201720826002888
1.3686315575323487,1,2.1708892207100323
-0.9649234605801045,0,-0.5237569294183999
0.6860514599984393,1,0.9600062935818992
1.0584244868495878,1,1.323403412969837
-1.7587394864231143,0,-1.6258003715970901
-1.183258512665775,0,-1.401618380686073
-2.0392321777601006,1,-1.572298485073012
-0.26940683444455765,1,1.2804540601387
0.7175422557959621,1,1.0940294054229638
1.502357052096028,1,1.823186976085417
0.07409478041977519,0,-0.2496761223978045
1.6286155455712918,1,2.5007115313212602
-1.3801014582148914,0,-1.4707135448239428
-1.7033824393551547,0,-2.0280689585158678
-0.05554769889661878,1,1.1051043172398871
0.3840654489393073,1,1.5938669511961259
-0.03269474809409311,0,-0.3329065309634457
-2.0674421000398766,0,-3.000712075720185
-0.08912003951278841,0,0.41463680540567266
-1.3044695005048532,1,-1.1467844133848553
0.6696725488300385,0,1.064985348411423
0.36659824609684827,0,-0.6184536627590695
-0.9398797863273552,0,-0.4935811171777006
-0.5138669173366935,0,-1.1194528819770841
-1.0592135218889516,0,-0.6938314623556894
-0.06267909727317188,0,-0.055542563354954826
0.9551423205012383,1,0.9781726108029158
-0.9857260463355437,1,-0.6892442027989341
0.5040465155178444,1,1.3472057439961949
-0.5302576183724408,0,-0.47731039181482365
-0.7928728322623442,0,-0.5006663420261019
-0.10703035995455783,0,0.881189932303185
-1.035242322419374,0,-1.8173631282748999
-0.553649305347182,1,0.7549569821371299
-1.1978778925888485,1,-0.6456999238272421
1.9647251329163893,0,1.5153331087548252
0.03526355197172861,1,-0.12989326089776632
-0.6997255079925854,0,-0.7942857033811022
0.21397991073422196,1,1.1748049666964517
-0.11232804969082963,0,-0.17610260987959675
-0.2209695995332226,1,1.0346078655904511
0.6141667000434252,1,0.3885788550176458
0.7575077100473051,1,1.2514632361242777
-0.5305011476105275,0,-1.156697869817087
-0.57581824064468,0,-0.3940022993321961
-0.275051697151644,1,0.6683919978970061
-2.301921164735585,0,-2.5123020615761114
-1.515191062198552,0,-2.8172979905121194
1.3668742674445244,1,1.9663483408427718
1.6449677135012837,1,2.3633369893680385
-0.24903603955637832,1,0.4531113379244704
0.5765569630557664,0,1.1944480589668434
0.3112501545435361,0,-0.22427668528098832
3.0788808084552377,1,3.9189888611804626
1.1195749114345768,1,2.215828667673564
-0.12791759148076653,1,-0.5172113834840251
-0.9555404406004258,0,-0.7957145276409372
-1.6064463202575725,0,-1.8585362357614081
0.2034636358672231,0,0.16270229931640015
-0.7563507452843033,0,-0.5825125035151352
-1.4222537095976742,1,-1.1658679916544503
-0.6465728842425267,0,-0.9844269238233325
-1.0815480036143952,0,-1.0644717948703828
1.6871416350725648,1,1.6435186656411636
0.8816397569494505,0,0.3387271925068578
-0.007972641316617375,1,0.8317140001616343
1.4799441388900263,1,1.4055471213106983
0.0773683076476183,1,0.9105245581022243
-0.8612842013282637,0,-0.629988554901288
1.5231240772696573,1,1.160220712874359
0.5389100436846587,0,0.20012771751683112
-1.0372461543264564,0,-0.44019145280277017
-0.1903386780836082,1,-0.18092144365344898
-0.8756182533847574,0,-1.1078203845394512
-1.3827997309643363,0,-1.151769284338388
0.9261775475316414,0,1.3178728021729391
1.9094166404701305,1,2.2836471974478827
-1.3985675738191412,0,-1.697322671164962
0.5629692366905709,1,1.7741541675398247
-0.6506425691218272,1,0.7188072627769623
-0.4871253837646962,1,0.5023036416262014
-0.5923939242388692,0,-0.5497348529563572
-0.863990769679816,0,-1.2681236305002792
0.04852162794482699,1,0.13329942466654437
-0.8309501164110378,1,-0.06969306377815898
0.2704568257798388,0,0.4796559362241807
-0.05023810944913695,0,0.6505611870240777
-0.23894804686640975,0,0.08627699940165989
-0.9075636620415979,0,-1.659103812921507
-0.5767713305683327,1,0.44920247829312654
0.755391225825756,0,0.25636091216854956
0.5009171876243808,1,0.808931551648205
-0.977555244798551,0,-0.8524551416727038
0.09933230542922587,1,1.597166050321208
0.751387123371789,0,2.3063464013744692
-1.6694052811213718,0,-1.3660437515532804
0.543360192379935,0,0.45176188301974113
-0.6626237589458467,0,-0.39537093470557155
0.5705986685931593,1,1.5144263815300774
-0.7632591565425169,0,-0.9235929693211127
-1.804882100664519,0,-0.907276422708358
-1.6275424378831627,0,-1.5125070582874616
0.048084946661381994,0,0.2969564912070791
0.25972250172148187,0,0.5926846277487126
-0.9043166251044086,0,-0.6935233197971807
0.6385924587773739,1,1.5580627090121801
-1.6615200622689599,1,-1.4701466555424216
-0.06607979864731657,1,0.15476932437966817
-1.2110161997624564,0,-1.7610933162483038
-0.6518361078021592,1,0.06791450750795403
0.047398671316414016,0,0.43686692307247105
-0.8604133652839524,0,-0.6315269322080095
-0.38455554422982535,1,0.9526906724439432
1.0062928092144405,0,1.0034947997999173
-0.5768918695231487,1,0.25747895827310757
0.8356921120651418,1,0.7898416739954847
-1.129706854657618,0,-1.3232567058948186
0.5298041779152828,0,0.8775730566981715
1.4415686206579004,1,2.3661196760294723
-2.4716445001272893,0,-2.6186279739593803
-0.7968952554704768,0,-0.8326948813995102
0.57707212718054,1,0.3181352538401353
-0.2030453860429927,1,0.1184400135537026
0.37114587337130883,0,0.8163374551312019
-0.6039851867158206,0,-0.31638267866253744
0.08658978747289992,1,0.8369226481635048
-0.15567723539207948,0,-0.13079039180159943
1.1677820616598074,0,1.1713136409738956
0.2544208433012131,0,-0.07573972643551041
0.3376026620752022,1,1.1870168721764696
-0.4118769661224674,1,0.2986095060722275
-0.48760622407249354,1,0.2584031999239061
-0.4325581878196209,1,-0.1955756091534111
0.39445214237829684,0,-0.6822193175573253
-0.42098448082026296,0,0.12759187505658487
0.28977485689641286,0,0.05035612889221078
2.0754007986454384,1,2.144012916623878
0.8711247034316923,0,1.2178641593886892
-0.32602353216784113,1,-0.022029852127405936
1.2012139221639448,0,1.7311821141872556
-0.4080753730215514,1,0.40042760176679737
-2.038124535177854,0,-1.6963398735776152
-1.008086310917404,0,-1.691064166517671
-1.8707919210258557,1,-0.7648199283326553
-0.35151348404130867,1,0.27911178157561933
0.0184183791895517,1,0.33377980956645015
1.6764373122752827,1,2.248131545946408
0.32692737376416264,1,-0.06119024268499729
-0.21910052880886424,1,0.4852258769314712
0.8294055811834892,0,0.3147198270924534
-2.211135309007885,0,-2.8874704519296523
0.23561455810856594,1,-0.025565035000379654
0.7708651938869668,0,1.3272093813819295
-1.4785862457798415,0,-1.793217942626236
1.143754043206929,1,2.410617898165179
0.3384964074944141,0,0.07059567596826521
-0.4152879139008013,0,-1.2689668926972746
0.6327818661062848,1,0.5745196461319553
2.270692857804396,1,3.388598667807865
0.18186625505849516,0,0.1039171660901614
0.24822058630033608,0,-0.025923061944964382
-0.4593608995402441,1,0.12064821338614973
-0.8498443694647918,1,-0.09895300138101937
0.8303358165442456,1,1.8890352244954758
-0.8560838259088672,0,-0.13183421096240422
0.07156623721939247,1,0.39168191432484956
-0.4776574467651167,0,-1.1406812898061358
0.47897982574639203,0,0.272247245184754
0.33366210528694845,0,0.4638023585783915
1.0375399442578994,1,1.055660481152594
-0.5100163988547471,0,-0.9885918563022686
-0.26987493529337125,1,0.40201900548157143
-0.9787637157823074,0,-1.003089891567533
-0.44429326007611136,0,-0.4278947623703181
0.37730049304485197,0,-0.001947174305182764
0.7569886166453519,1,1.1417882595424682
-0.9221653241776254,0,-1.3842818963117776
0.8696059201056602,1,1.8147051256680535
1.355637858804951,1,2.373262526166827
0.41343490322370086,1,-0.009659027895346117
1.876795812558066,1,1.912040382461861
-0.773789199103573,1,-1.0220538266486126
-1.244654703311417,0,-1.569666670514866
-1.7787202489042786,0,-1.820439233799459
1.496044311489183,1,1.2712217016399179
0.6543656563540577,0,0.19343574979140127
-0.05558467091045507,0,-0.5575633569512042
0.2799686263198203,1,0.8836022910192922
-1.1254890472983765,0,-1.0908168787802512
2.4457519796168263,1,2.5848832029481996
0.1292211819752275,0,0.21763161804492648
0.10939479460489293,0,-0.16394524768873975
0.7257666238986923,1,1.0899390687356656
0.4810092317367132,1,1.8177352768859818
0.22388402427913137,0,0.8941145501743053
-0.7904744554453119,1,-0.9402650739091107
0.4714683571359957,1,1.386334566075583
1.8820244964750337,1,2.7877227737208297
1.3454200461549777,1,1.2712884017786685
1.5931866266393973,1,2.5025754485168274
-0.5112156764311853,0,0.25775028277509116
-0.9896048202585809,0,-1.550877223380788
-0.12578692009964815,0,-0.58453833060678
0.055724912288694604,0,0.5645556457104458
1.0941915184709485,1,1.7299391738837726
-1.6924646297148194,0,-1.4167264920950577
1.5295503194606137,1,2.199844927660862
-0.15800789857898942,1,0.5373400618850827
-0.42688106994742003,0,-1.0901171341029614
-1.0121043752601677,0,-0.4884455219494436
-1.6548566718657698,0,-1.070061675651883
0.8231705839619146,1,1.2084752119279005
0.07331796718840389,0,0.05157949228147267
-1.2899608997410539,0,-2.0555146510189153
-1.295078772063616,1,-0.5379513940546987
-0.3357846992901282,0,-0.04975597843305618
1.669021525289393,1,2.1379260167897374
-0.2595913513636048,0,0.30258532857164655
-1.5031429531181062,0,-1.6701815686080765
-0.24574306408594407,0,0.03655989886085606
-0.2727235697476702,0,-0.782555739093728
-2.6968866429415717,0,-2.7086627183786907
-0.05429486651781221,1,0.3585280045307699
-0.23093453020867796,1,0.3817194308117927
0.6962063648134184,1,1.0114429003967391
1.8489560949453452,1,2.283219797109511
1.1265650295477574,1,2.0395886152685105
-0.2688886905548305,0,-0.4872708091739392
-1.1065259087416701,0,-1.9098144591110098
2.5733598032498604,1,3.948151755352571
0.05921843401448826,1,1.2499454733597315
0.013929291912946203,0,-0.6322020556398631
-0.024125087110003277,1,0.8207288155125939
0.19808476076785533,0,-0.053402624507816215
-0.14436041192394275,1,0.48738319574158706
-0.5736620068802363,1,0.07345005762651058
-0.5468589412403921,0,-0.6640628413985531
-0.03275327021599839,1,0.07536389699080337
-0.543424771133765,1,-0.38869529729189467
-0.7128457826771644,0,-1.1709417404177855
0.10643022769189683,1,0.19051912357667444
-0.2549772174208552,1,0.21143363755446715
1.5039929885826884,1,1.6461129940273125
-2.650969808393012,0,-2.309943775536702
1.0915068519224618,1,2.3351299295904253
1.246085192497629,1,1.4560585718126076
-2.0733902324081495,0,-1.953687982140461
-0.34268759408034877,0,-0.09284503892888177
-0.37144086599579146,0,-0.1354397305361542
-1.4075116947178212,0,-1.3695340607597775
-0.7778166875908753,1,0.09352452158898578
-1.1105758454658288,0,-0.8694513691255001
1.7522704434236227,1,1.6334392322599738
0.9356783931474612,1,1.8702564253420977
1.2715550949941588,0,1.7152005136275297
0.7216720640432349,1,0.8400290119539442
-1.129051771217229,0,-1.110082853493428
-0.5245202662797737,1,0.31714423012576104
0.48937456122791806,0,0.3847176514382373
-1.2221278088919454,0,-0.6856387850089395
0.7129984301723881,0,1.8949346774820683
-0.24032539815813486,0,-0.6333184144756261
-0.37482080754959723,0,-1.0653431091264847
0.7109599682034917,1,1.3628692660059296
0.4442633114860399,1,1.3050445640491117
-0.3609661658190799,1,0.023600647258535612
1.159329803364248,1,2.3859601350247654
-1.0810633275998973,0,-1.7503662274615217
0.6159356069442637,0,0.9623949184600693
0.5931012579683838,0,0.2901708475889371
-0.3095464393139903,0,0.5501425137896581
0.326133022242118,0,1.322390698826177
-1.2511135763853032,0,-1.6344418702769772
0.924027019206901,0,0.6492484512526109
-0.18490213644298903,1,0.7448918070469119
-0.5227230205190395,1,-0.21628834541379682
1.0490092258368893,1,1.5263036168707702
-0.7043436905427592,0,-0.6916494802715542
-1.4084612963635597,0,-2.368297874462388
-1.5566291735239037,0,-1.5635480465710223
0.6060099513456396,1,0.7611460643135526
-1.280429352496283,1,-1.026990763696169
1.7547941819843647,1,2.9766101837187717
-2.081929407883722,0,-2.7101828550233504
1.6964563682900382,1,2.603058961664027
0.2110174672026184,1,0.5715360020367142
-0.09671311187039239,1,0.2634068038816904
-0.5449190868089495,0,-0.14973313878309386
0.39913611435207075,1,1.0691617616365159
-0.03763470242484838,0,0.2476717961849171
1.103301882016522,1,2.0873942122829527
0.11422764866203965,0,-0.05142654292962172
0.1503017614618776,1,0.3441833942080025
-0.36361221221385587,0,-0.9061874754927549
-0.056945623721067457,0,-0.46965088871054506
0.3078017688920592,1,2.2823489815464217
-1.7101683926566253,1,-0.587828602288232
-1.348185422105713,0,-2.0237226052097235
0.743264094022715,1,0.5820351156509299
0.17086543812794186,0,0.4117984689871876
-0.18398333635267913,1,0.5896490623363043
0.01843393306539316,0,0.29287585072407535
0.34758170536167105,1,0.7201038085848221
-0.5397596803093615,0,-0.6024868103108116
-0.7783047254023127,0,-0.614364963322634
0.19584525509768155,0,0.23879175824434676
-0.978372777615032,1,-1.5880229639887995
0.40825275571447184,1,0.7933529404268749
-1.7025836042378404,0,-2.1282868213679973
1.0291556373256436,1,1.6167613467798996
0.472597482413043,1,2.4652269837147482
0.25602973431387566,1,0.9397705670510279
0.9826909839455139,0,0.8259261408593149
1.6654744444625766,1,2.6263751954512027
1.0143700650181304,1,1.7557140086227367
-1.8408742313316453,0,-1.6308269861057247
-1.2795769667357015,0,-0.9761516701278661
-0.6248185776956788,0,0.4034532047190921
0.026091050210833786,1,-0.03935316745212414
0.517659020469123,0,0.7544750588748503
-0.7257438131534656,0,-1.1889343781442347
0.18676676447707832,1,0.9645230876482025
-0.7553829323533225,0,-1.2147261880963698
-0.6115178029919482,1,-0.3202012097944904
-1.4066610968482223,0,-1.5542060539671754
-0.9232332461109043,0,-0.4353248864385498
-1.3516846056163336,0,-0.8924573836451267
-0.9758732529773327,0,-1.598731941200525
1.0536417966078395,1,1.5811088521077639
-0.949398888831943,0,-1.3041888162065294
2.632382064837391,1,2.5031296094997235
0.4933179008808892,1,0.884809375668704
0.1848361236948739,0,0.030594729466964038
-0.8583577801812133,1,0.8550004629915479
0.7003098794089911,0,0.9167897920893392
-0.5756378262377739,0,-1.2644465766148927
0.12200981464536144,1,0.3396228125598903
2.5600845382687947,1,3.570776185983494
-0.09605989972464987,1,1.4481614867103128
1.1492733262856758,1,0.8562816701666967
-0.7031764251258874,0,-1.64313861769541
-0.0349884904969617,1,1.4004940971889295
1.77080063563551,1,2.4656077243209618
-0.6269670577877674,0,-1.0611134237259505
1.8124485579969287,1,2.5797631010581465
0.7077519354554754,1,-0.11012193405296344
-0.5624667758942676,0,-0.5607790225956871
0.6324077390555208,1,1.2963183254770634
0.9725544496267297,1,1.9346895193956444
0.6218099622171964,0,0.11486198607092757
-1.5702247198904564,0,-1.5273811391887768
-0.7271371758248686,0,-1.1898494888546622
-0.24751863555150475,1,0.3801732422856538
-0.07443342910004629,1,-0.02210659028155837
0.620672097550678,0,0.4166216779705677
0.17770100093325383,1,0.17979330353813927
-1.3353443587101013,0,-1.0097762377982726
0.3801978510059632,0,0.8094234093342958
0.6105857452838231,0,0.49327546030511626
0.5597904479310398,1,1.0789094454110542
1.0807807255546218,1,0.8564850182378497
0.8339221545489041,1,1.1840838305455106
0.4591800792284367,0,0.43407777070756426
-0.070165711458647,1,1.7402308340563406
-1.660960933515991,0,-2.2169444464030725
0.42961821913258585,1,1.6617068385088045
0.20768768716311115,0,0.7061170738960152
0.2715788371953735,0,0.4118970394404417
-1.2767485758203097,0,-0.39743833372274295
-1.0810565404082624,1,-0.39500380410483094
1.0531528533329035,0,1.247732451166868
-0.03955515385665504,0,-0.06611548036542772
0.6815006973726244,1,1.7932851385819382
0.02831837613045931,1,1.076552993035901
0.029756139495743236,0,-0.283082504252363
0.9382838059759977,1,0.778660208676614
-0.5160447282173739,1,-0.11753504691520245
0.09612077694098344,0,-0.3038985052578398
-0.46227528870504275,0,-0.4940375760127203
-0.4344962274323156,1,0.6842228399097541
-0.30917212346863937,0,-0.5378229510120344
0.22213377163371276,1,0.7007220809779253
-0.4787486216634771,1,0.05026274574072054
1.2557561255735208,0,1.679971566676163
-0.8946073022195039,0,-2.0180519692118066
-0.18687164416135904,1,0.009778208455992754
-0.4397310582741749,1,0.1659107878655614
1.4469778843537329,1,2.5470173625671633
0.19655477651157463,0,-0.049396447241527947
1.0318445394686349,1,0.5935681864476978
-1.485560373036972,0,-1.175704650053904
0.26705026586925884,1,0.44936907145644417
0.889630795623437,0,0.2947974660782564
0.08228398927542419,0,-0.22988870558118785
1.0654803750653512,1,1.4732176962374264
-0.5172884501003722,0,-0.8196607823694786
1.40934744018558,1,0.8065644116360453
2.2988981236192503,1,3.2474312220628163
-0.36283856043965906,1,0.7745989601997021
-0.4455025214007718,1,0.3802584742689811
1.453384477117701,1,1.3845416419052925
1.5795721457307124,0,1.4788263787569533
-0.5228600271532683,0,-0.5261206847679973
-0.42018681709585753,1,0.3792103776850976
-0.2817846088605074,1,0.552385635498533
-1.344450511034277,0,-1.7115374104235248
-0.9186519464841982,0,-0.877654168277418
-1.0041407667520679,1,-0.27550056444444726
-0.7677975651041284,0,-0.03988640403074517
-0.034684887386781105,0,0.3175683825255804
0.23421473253652023,1,1.1287430762242796
1.5505004928140769,1,2.092413806778757
-0.998354040738791,0,-0.29312446813703896
0.9843223984765838,1,1.6892037964563325
-0.21398884422550896,1,-0.14453279931229424
-0.049463709652432936,0,0.6522212754101624
0.6748194921666035,0,1.0237711284361173
-1.1227220215622986,0,-1.3442440321265399
0.3824097461840506,0,0.14266326248442893
0.16645220821305598,0,0.3147399807834368
0.4924512640081488,1,1.224043661641941
0.2891686439078181,0,0.38781477672342146
2.4553001399108942,1,3.1109544766323367
-0.637739984251316,0,0.2122387030368743
-0.5309969550018176,1,0.5047746211156252
-0.6231405264247644,0,-0.5278227307922522
-0.5554771191602547,0,-0.08482182877651295
-0.6373871273065177,0,-1.1536490790702874
1.1890165311075518,0,1.3879800560809563
1.4205042479898549,1,2.82515742285641
-0.5707462937494763,0,-0.6797692414456632
-0.8323555731042287,1,-0.7561725374137711
0.4714155563864041,0,0.14537111208987374
-0.5522230442809716,0,-1.0970395629521659
0.6329318177555111,1,0.7405508636916593
0.2029230208512997,1,0.5176689715562852
-1.515744114997232,0,-2.218527624586553
1.5475052013300616,1,2.055314368304863
1.7958776730955217,1,2.7470162599888455
-0.612788690484386,1,-0.5666667805578463
-0.38770155993598404,1,0.8719404018849004
0.28586539072490513,1,1.0412614349887024
0.33445678998702516,0,0.8497470827990539
0.6585442726728304,1,0.8296269957467619
2.0102045387663496,0,2.4374671522996576
-0.1769472274940494,1,-0.22291417769170585
-0.7982972445384537,0,-0.3531734941201994
-1.3793192280145272,0,-1.2933995581177615
-0.7309300399419191,0,-0.4543044299495271
-0.033126972873797095,1,-0.12092427568622288
1.7945578635177877,1,1.8470229423794853
-0.5176112990361714,0,-0.21899718990947903
0.2237879516388985,0,-0.25038605047320184
-0.016422896072752075,0,0.21518024997680946
1.188393273448084,0,0.5048243702179611
2.5269324258736217,1,3.451019532206956
-0.5308687729203206,1,-0.6471304303045753
-0.48943944251822213,1,0.2867105263215396
1.044160877069072,1,1.8569763438920726
0.6818914896263114,1,0.8335055804115239
1.8467073257360336,1,2.637720609278397
0.5839281853259639,1,1.2141493169927418
-0.35929209078705954,0,-0.6287130188834287
0.5906548306923093,0,0.08637748865420525
1.1087035805829077,0,0.12739073474661822
0.8204821811973643,0,0.9953072048472111
0.5072740311072979,0,-0.2751273545737297
1.066674689589154,0,1.114346789309808
1.1692955904456728,1,1.537571482404548
1.3821589910375272,1,2.221730378756625
0.6487098875896427,0,0.4976871378447105
-0.16711808031685435,1,0.1681580265096
0.14671368643332283,0,0.5126490385774705
1.2065089665083568,1,1.8740379810504155
-0.8169356709872361,0,-0.6588576923958469
0.3686733088729012,1,1.1033071037771642
-0.3933388123273607,1,-0.6611248739309135
0.028744822934817487,0,0.4071391629283085
1.2784518626072987,1,2.0846862596140996
0.19109906801990334,0,-0.3172424962683453
0.04643654815614881,1,0.42439631131904815
-1.3598561409799192,0,-1.3795097847937348
0.7462535660272207,1,1.1790051738263543
0.6454841811410754,0,0.8124141644253428
2.16325472330546,0,2.878938114221052
-0.30777823495300055,0,0.23310512888341378
0.21915032766393877,0,-0.43695926905176435
0.24938368371075526,1,1.0604186788637797
1.5774532797634744,0,2.2419199395311793
-0.0952955323869521,1,0.5981087279576492
0.27902152577033923,0,0.8245117383633227
0.6078965097165392,1,2.1140317325669216
0.1866091231563581,0,0.6984638962098488
-0.44643361455052827,1,0.17822068327033613
0.19408999289830758,1,1.2166342299406843
1.073631749859772,0,1.1460756664082177
-1.0265152994110602,0,-1.0145637777685825
0.132969674146876,0,-0.0427374437099903
-0.7001208149391732,0,0.08158586447688099
1.1950466289248425,1,1.2858322959538417
-1.5231869047837747,0,-0.7570030424447167
-0.5589218472715883,0,-0.3089897854014027
0.37721187506452086,1,0.1775587876635502
1.5655240292343404,1,2.249348675730051
-0.0657502610729878,0,-1.1157635148987999
-0.5551995266931983,0,-0.2424455182776804
1.88115706944059,1,2.8237728109350853
-1.448013900416244,0,-1.7441918782422707
-2.198805956620082,0,-2.1370321086422908
0.4400144500533324,0,1.4170931669284754
-0.5020542243526112,0,-0.7549275764835794
-1.0212328171307132,1,-1.0506866106590134
0.7083564472993533,0,1.4491881485306526
0.24380071377119883,0,1.2250943090365962
-0.5640786307367284,0,-0.5622307948128047
-1.2803043986708944,1,-0.2745728809667163
0.8724573282801447,1,2.0431952860455853
0.650201177958661,1,0.7789590616894689
-0.09917586377938291,0,-0.3418287814633171
1.8466369960476658,1,2.962074252625033
-1.0700847663261526,0,-0.22757762697189787
-1.5255251709247388,0,-1.2440847408375615
-0.6919080698812444,1,-0.6318152466322715
-0.045586016355497805,1,1.4479445394942227
0.24333944932269183,1,0.47785400041670956
-0.24123605785632987,0,-0.4088049484420557
0.3520553965142968,0,0.5232243137591075
-1.2515394241904443,0,-0.4744592138330572
1.4437646040732597,1,2.3707525923493717
-0.08215117839256883,0,0.12528157178838645
1.1172958315881278,0,1.348940096647181
0.34272534637770413,0,0.3644826806994372
0.4567532191537839,0,0.7358229764130371
0.5697672802322037,0,-0.6950127586149478
0.4477085600173148,1,0.7994048304824156
0.6427227598675439,1,1.2633837273259343
1.3291525301324314,1,1.253645488322678
0.19652116970147013,1,0.8896828286072501
0.7090037575885123,1,1.1067681470954516
-0.08973569428722672,1,1.2880021548705183
1.4401172154494728,1,2.726627078056901
-0.6763923020592697,1,-0.4092950866183511
1.8009404329108156,1,2.225521577127468
-0.04015795064434341,1,0.42286826655146026
-1.4307751021180481,0,-1.6566048401978595
0.12810441491078928,0,0.22561690692485264
-0.6810516574748808,1,-0.5601926919186759
0.8406435489887243,1,0.7753358815199611
-0.6526239793023911,0,-0.34126836735225685
-0.4461834332147797,0,-0.1314186411038743
-1.889540730945531,0,-2.2916986107755273
-0.4523063192490767,0,-0.004628603867776915
-2.4238793266289567,0,-2.7396681912116225
-1.5839028234857233,1,-0.9573202044667326
0.7604146561442974,1,1.6705866624505255
0.7858001586508322,0,0.7689938762989756
0.42545756178496474,1,1.1528280178555321
-0.966976143129213,0,-1.2251909650729988
-0.047711356141979855,0,-0.14594464785602845
-0.003602539090568403,0,-0.10653225453073858
-1.1583646891925423,0,-1.5316538624626617
1.5033983017671506,1,1.9150112202092595
0.8773622905756714,1,0.603053141143798
-0.22096417382966393,0,-0.4665410474007163
0.02688583899453078,1,0.38444809230969534
0.20838280794755248,0,0.08029293169986229
-2.0417348684242906,0,-2.1624835913596803
-0.24717738252059693,0,-0.27805948245066137
-0.6819842479977986,0,-0.44226348895476664
-1.0016200098949155,0,-0.5643614728286542
-0.2811002928859549,0,-0.6059829063100884
1.7976865268495226,1,1.6960860991549502
0.6408428612670098,1,0.6198206551454584
-0.5711789897827968,0,-0.8147804503802604
0.5725827813561586,1,0.8966221224479041
